{"storemanagerforprestashop":{"id":"2937","name":"storemanagerforprestashop","displayName":"Store Manager for PrestaShop","categoryName":"Administrative tools","categoryId":"8","categoryParentId":"2","description":"30-DAY FREE TRIAL!&nbsp;&nbsp;The back office solution you need to run your PrestaShop online store efficiently ! Store Manager for PrestaShop&nbsp;will save you over 2 hours a day by automating daily","author":"eMagicOne","url":"http:\/\/addons.prestashop.com\/en\/administration-tools-prestashop-modules\/2937-store-manager-for-prestashop.html?utm_source=back-office&utm_medium=push-addons&utm_campaign=back-office-EN&utm_content=download","img":"http:\/\/addons-media.prestashop.com\/img\/pico\/2937.jpg","fullDescription":"<span style=\"color:#cc0099\"><strong>30-DAY FREE TRIAL!&nbsp;<\/strong><\/span>&nbsp;The back office solution you need to run your PrestaShop online store efficiently !<br \/>\r\nStore Manager for PrestaShop&nbsp;<strong>will save you over 2 hours a day by automating daily tasks<\/strong>&nbsp;and making it simple to update your shop.<br \/>\r\n&nbsp;<br \/>\r\nStore Manager for PrestaShop is a desktop application, designed to speed up and automate the management of PrestaShop based stores. Not only does it take care of the <strong>mass operations with products, categories, orders and customers<\/strong> extending the functionality of the store web back-end, but also lines up with an <strong>intuitive interface and advanced addons<\/strong> for easy store management.<br \/>\r\nSave your time, money, and resources by allowing Store Manager for PrestaShop do all the job for you.<br \/>\r\nStore Manager for PrestaShop will make your store stand out from the crowd!<br \/>\r\n&nbsp;<br \/>\r\n<strong>*** WINNER OF THE PRESTASHOP AWARDS CEREMONY FOR THE BEST MODULE ***<\/strong><br \/>\r\n&nbsp;","additionalDescription":"Save your time, money, and resources by allowing Store Manager for PrestaShop do all the job for you.<br \/>\r\n<strong>Store Manager for PrestaShop will make your store stand out from the crowd!<\/strong><br \/>\r\n&nbsp;<br \/>\r\n<strong>Spend an Hour, Save a Day<\/strong>!<br \/>\r\nStore Manager for PrestaShop was designed to work for you and not at the expense of your business. It is your personal assistant that does all the routine tasks, <strong>saving you tons of time <\/strong>for greater deeds.<br \/>\r\nFor that matter, it provides with ready-made export\/import features, report tools, advanced addons, etc. No need to spend a day getting deep into how your store works, spend an hour understanding how Store Manager does the job for you.<br \/>\r\n&nbsp;<br \/>\r\n<strong>Take Your Online Business to the Bank<\/strong><br \/>\r\n<span style=\"color:#000000\"><u>Buy one Store Manager<\/u> <\/span>instead of multiple modules.<br \/>\r\nUse one Store Manager license to <strong>manage your multiple stores<\/strong>. Store Manager doesn&rsquo;t require any special skills, so you don&rsquo;t have to pay someone to keep your store database organized. You can implement all the necessary updates yourself with Store Manager for PrestaShop and get on to important tasks.<br \/>\r\n&nbsp;","tab":"administration","version":"","nbRates":"33","product_type":"service","avgRate":"4.4","price":{"EUR":0,"USD":0,"GBP":0},"badges":[{"label":"PrestaShop's Favorite","img":"http:\/\/addons-media.prestashop.com\/themes\/prestastore\/img\/front\/sprites\/badges\/ps-selected.png"},{"label":"Official Partner","img":"http:\/\/addons-media.prestashop.com\/themes\/prestastore\/img\/front\/sprites\/badges\/ps-official-partner.png"}],"cover":{"small":"https:\/\/medias1.prestastore.com\/689783-pprod\/store-manager-for-prestashop.jpg","big":"https:\/\/medias2.prestastore.com\/689783-pbig\/store-manager-for-prestashop.jpg"},"origin":"must-have","origin_filter_value":2,"categoryParent":null},"inmotion":{"id":"20656","name":"inmotion","displayName":"Inmotion","categoryName":"Services","description":"InMotion Hosting now offers FREE solid-state drives with all of our shared hosting plans, and Prestashop comes pre-installed","author":"PrestaShop Partners","url":"http:\/\/addons.prestashop.com\/en\/services\/20656-inmotion.html","serviceUrl":"https:\/\/secure1.inmotionhosting.com\/cgi-bin\/gby\/clickthru.cgi?id=prestashop&campaign=enecommerceimh&page=336","img":"http:\/\/addons-media.prestashop.com\/img\/pico\/20656.jpg","fullDescription":"InMotion Hosting now offers FREE solid-state drives with all of our shared hosting plans, and Prestashop comes pre-installed. Our platform allows you to start building a high-performance web store with no delays. With our fully scalable solutions and award-winning, 24\/7, US based support team, InMotion Hosting will always be there for you as you e-commerce business grows.","additionalDescription":"At InMotion Hosting, we love PrestaShop! We have been providing professional grade web hosting solutions since 2001; offering Shared, VPS, Dedicated, and Commercial Class solutions for virtually every application.<br \/>\r\nWith hundreds of PrestaShop related tutorials and articles, InMotion Hosting offers a dedicated PrestaShop Education Center, aimed at giving users a resource for the installation and customization of PrestaShop and our hosting platform. Our in house support staffs have been professionally trained to properly handle all your PrestaShop related questions and concerns.<br \/>\r\nInMotion Hosting has been a 3 Star Certified Hosting Provider since 2003 and has an A+ rating with the Better Business Bureau.<br \/>\r\n<strong>As a recommended PrestaShop Hosting provider, we offer 1 Click Installations via Softaculous. PrestaShop merchants enjoy 30% off as well as FREE domains!<\/strong>","version":"","price":{"EUR":0,"USD":0,"GBP":0},"badges":[{"label":"Official Partner","img":"http:\/\/addons-media.prestashop.com\/themes\/prestastore\/img\/front\/sprites\/badges\/ps-official-partner.png"}],"origin":"service","origin_filter_value":4,"categoryParent":null},"webhostinghub":{"id":"20659","name":"webhostinghub","displayName":"WebHostingHub","categoryName":"Services","description":"WebHostingHub offers you the easiest way to get your website and ecommerce presence online at a fraction of the cost of other providers","author":"PrestaShop Partners","url":"http:\/\/addons.prestashop.com\/en\/services\/20659-webhostinghub.html","serviceUrl":"http:\/\/ref.webhostinghub.com\/scripts\/click.php?ref_id=prestashop&ad_id=8321cb2b","img":"http:\/\/addons-media.prestashop.com\/img\/pico\/20659.jpg","fullDescription":"WebHostingHub offers you the easiest way to get your website and ecommerce presence online at a fraction of the cost of other providers. With 24\/7\/365 US Based Support, unlimited resources, and a 1-Click installation of PrestaShop, WebHostingHub will be able to get you up and running within minutes!","additionalDescription":"Whether you are new to creating a web site or an advanced web master, WebHostingHub offers a choice for everyone. With the abundant amount of tools and resources in place, as well as 24\/7 US support, WebHostingHub will allow you to get your web site up quickly and effectively without the painstakingly long hours of programming and coding.&nbsp;<br \/>\r\nWe also offer an extensive education channel, filled with PrestaShop tutorials and resources for everyone to reference.&nbsp;<br \/>\r\nFind out today why&nbsp;WebHostingHub is one of the best web hosting solutions around.<br \/>\r\nWe&rsquo;ve secured you an exclusive deal through PrestaShop.","version":"","price":{"EUR":0,"USD":0,"GBP":0},"badges":[{"label":"Official Partner","img":"http:\/\/addons-media.prestashop.com\/themes\/prestastore\/img\/front\/sprites\/badges\/ps-official-partner.png"}],"origin":"service","origin_filter_value":4,"categoryParent":null},"11hosting":{"id":"20550","name":"11hosting","displayName":"1&1 Hosting","categoryName":"Website Performance","categoryId":"432","categoryParentId":"440","description":"At 1&amp;1 you&rsquo;ll find the perfect hosting package for your needs. And thanks to convenient 1-click installation, setting up PrestaShop is especially easy  The default offer is for the USA","author":"PrestaShop Partners","url":"http:\/\/addons.prestashop.com\/en\/website-performance\/20550-oneandonehosting.html?utm_source=back-office&utm_medium=push-addons&utm_campaign=back-office-EN&utm_content=download","img":"http:\/\/addons-media.prestashop.com\/img\/pico\/20550.jpg","fullDescription":"At 1&amp;1 you&rsquo;ll find the perfect hosting package for your needs. And thanks to convenient 1-click installation, setting up PrestaShop is especially easy<br \/>\r\n<br \/>\r\n<strong>The default offer is for the USA. &nbsp;Please click&nbsp;<a href=\"http:\/\/being.successfultogether.co.uk\/click.asp?ref=657157&amp;site=3759&amp;type=text&amp;tnb=91\" target=\"_blank\"><span style=\"color:#0000CD\">here<\/span><\/a>&nbsp;to benefit from the UK special offer and <a href=\"http:\/\/www.awin1.com\/cread.php?awinaffid=253683&amp;awinmid=4876&amp;p=http%3A%2F%2Fwww.1and1.ca%2Fprestashop-hosting\" target=\"_blank\"><span style=\"color:#0000CD\">here<\/span><\/a> if you are based in Canada&nbsp;<\/strong>\r\n<div>&nbsp;<\/div>\r\n","additionalDescription":"Further advantages you can benefit from with 1&amp;1 New Hosting:\r\n<ul>\r\n\t<li>Choose from 40 Click &amp; Build Apps including PrestaShop<\/li>\r\n\t<li>1&amp;1 Expert App Support available 24 hours a day, 7 days a week &ndash; with advice and practical help specific to the application you&rsquo;re using<\/li>\r\n\t<li>Maximum availability thanks to the geo-redundant hosting of your website in two geographically separate data centres<\/li>\r\n\t<li>1&amp;1 SiteLock included, keeping your website virus-free<\/li>\r\n\t<li>Guaranteed performance from 2 GB RAM (with the 1&amp;1 Unlimited Plus package) Domain included free with select packages (.co.uk, .com, .net, .org, .me.uk or .org.uk)<\/li>\r\n\t<li>Unlimited power: Unlimited webspace, traffic, and MySQL databases<\/li>\r\n<\/ul>\r\n","tab":"administration","version":"","nbRates":"8","product_type":"service","avgRate":"4.1","price":{"EUR":0,"USD":0,"GBP":0},"badges":[{"label":"Official Partner","img":"http:\/\/addons-media.prestashop.com\/themes\/prestastore\/img\/front\/sprites\/badges\/ps-official-partner.png"}],"cover":{"small":"https:\/\/medias2.prestastore.com\/704495-pprod\/oneandonehosting.jpg","big":"https:\/\/medias3.prestastore.com\/704495-pbig\/oneandonehosting.jpg"},"origin":"native_all","origin_filter_value":16,"categoryParent":"Administration"},"arvixe":{"id":"20655","name":"arvixe","displayName":"Arvixe","categoryName":"Administrative tools","description":"You need a hosting partner that understands PrestaShop. Since 2003, Arvixe has been the leader in ecommerce hosting","author":"PrestaShop Partners","url":"http:\/\/addons.prestashop.com\/en\/administration-tools-prestashop-modules\/20655-arvixe.html","serviceUrl":"http:\/\/www.arvixe.com\/prestashop_hosting","img":"http:\/\/addons-media.prestashop.com\/img\/pico\/20655.jpg","fullDescription":"You need a hosting partner that understands PrestaShop. Since 2003, Arvixe has been the leader in ecommerce hosting. Your store will benefit from the latest technology, 24\/7 support, and a 30% LIFETIME discount. Try us today!","additionalDescription":"Quality Web Hosting Since 2003<br \/>\r\n<strong>At Arvixe, we pride ourselves in providing web hosting with a rare combination of unmatched reliability, quality and affordability.<\/strong> We have received numerous web hosting awards featuring our dedication to excellence in the web hosting field. Start by registering a domain, or check out our low cost plans in the areas of linux hosting, asp .net hosting, reseller hosting, business hosting, VPS hosting, or managed dedicated servers.<br \/>\r\nArvixe Advantage:<br \/>\r\n<strong>What would you call a partnership that never stopped giving back, <u>would grow with your business and supported it every step of the way?<\/u><\/strong><br \/>\r\nWe call it the Arvixe Advantage, <strong>the advantage of working with the best web host in the industry.<\/strong> Since 2003, Arvixe has distinguished itself as a versatile and trusted partner for any serious website owner. The following are only a few points of a large list of reasons why you should choose Arvixe as your trusted web hosting provider.","version":"","price":{"EUR":0,"USD":0,"GBP":0},"badges":[{"label":"Official Partner","img":"http:\/\/addons-media.prestashop.com\/themes\/prestastore\/img\/front\/sprites\/badges\/ps-official-partner.png"}],"origin":"service","origin_filter_value":4,"categoryParent":null},"easymarketing":{"id":"18716","name":"easymarketing","displayName":"Premium Google Shopping - easymarketing","categoryName":"SEA (paid advertising) & Affiliation Platforms","categoryId":"493","categoryParentId":"488","description":"NEW:&nbsp;easymarketing&nbsp;- the smart way to advertise on Google Shopping Instantly more effective online campaigns with 38%* lower customer acquisition cost -*Google Benchmark, 2015 Prove it yours","author":"Silbersaiten","url":"http:\/\/addons.prestashop.com\/en\/sea-paid-advertising-affiliation-platforms\/18716-premium-google-shopping-easymarketing.html?utm_source=back-office&utm_medium=push-addons&utm_campaign=back-office-EN&utm_content=download","img":"http:\/\/addons-media.prestashop.com\/img\/pico\/18716.jpg","fullDescription":"<strong>NEW<\/strong>:&nbsp;<em>easymarketing<\/em>&nbsp;- the smart way to advertise on Google Shopping<br \/>\r\nInstantly more effective online campaigns with 38%* lower customer acquisition cost -<em>*Google Benchmark, 2015<\/em><br \/>\r\n<u>Prove it yourself<\/u> -&nbsp;<strong>Sign-up for a free, 2 months trial<\/strong>","additionalDescription":"easymarketing is the exclusive Google SMB Premium Partner in the UK<br \/>\r\n<em><strong>easymarketing&rsquo;s<\/strong><\/em><strong> technology manages your Google Shopping campaign to maximise both impact &amp; sales<\/strong><br \/>\r\nWe take the worry out of online marketing saving YOU time &amp; money<br \/>\r\n&nbsp;<br \/>\r\n<u>Get YOUR ad campaigns online<\/u>\r\n<ul>\r\n\t<li>Connecting to your Web-shop<\/li>\r\n\t<li>Managing your Data Feed<\/li>\r\n\t<li>Creating your Campaigns<\/li>\r\n\t<li>Uploading onto Google &amp; facebook<\/li>\r\n<\/ul>\r\n&nbsp;<br \/>\r\n<u>Maximise YOUR sales &amp; minimise YOUR customer acquisition cost<\/u><br \/>\r\nNot only does&nbsp;<em>easymarketing&rsquo;s<\/em>&nbsp;state of the art technology offer a 38% lower customer acquisition cost* right from the start, - it is also recommended &amp; fully supported by Google with the highest certification level\r\n\r\n<ul>\r\n\t<li>Managing your marketing campaigns<\/li>\r\n\t<li>Optimising CPC bidding<\/li>\r\n\t<li>Optimising to impact sales - constantly<\/li>\r\n<\/ul>\r\n","tab":"advertising_marketing","version":"0.4.11","compatibility":{"from":"1.6.0.4","to":"1.7.0.0"},"nbRates":"1","product_type":"module","avgRate":"5.0","price":{"EUR":0,"USD":0,"GBP":0},"badges":[{"label":"Official Partner","img":"http:\/\/addons-media.prestashop.com\/themes\/prestastore\/img\/front\/sprites\/badges\/ps-official-partner.png"}],"cover":{"small":"https:\/\/medias2.prestastore.com\/753412-pprod\/premium-google-shopping-easymarketing.jpg","big":"https:\/\/medias3.prestastore.com\/753412-pbig\/premium-google-shopping-easymarketing.jpg"},"origin":"native_all","origin_filter_value":16,"categoryParent":"Traffic & Visibility"},"famebitconnectingbrandstoyoutubeinfluencers":{"id":"19938","name":"famebitconnectingbrandstoyoutubeinfluencers","displayName":"FameBit - Connecting Brands to YouTube Influencers","categoryName":"Social networks","categoryId":"218","categoryParentId":"213","description":"FameBit is the first and largest marketplace for connecting brands with YouTubers across the world for product endorsements","author":"PrestaShop Partners","url":"http:\/\/addons.prestashop.com\/en\/social-networks\/19938-famebit.html?utm_source=back-office&utm_medium=push-addons&utm_campaign=back-office-EN&utm_content=download","img":"http:\/\/addons-media.prestashop.com\/img\/pico\/19938.jpg","fullDescription":"FameBit is the first and largest marketplace for connecting brands with YouTubers across the world for product endorsements. FameBit brings YouTube creators to you making it easy to work with the most influential content creators on YouTube. Drive brand awareness, increase purchase intent, and trend with the next generation of consumers through creative content they trust.&nbsp;","additionalDescription":"The easiest and quickest way to connect with social media influencers and stars. It&#39;s&nbsp;completely&nbsp;free to post a campaign and start receiving proposals from influencers that want to work with your brand.<br \/>\r\n<br \/>\r\nBest yet interested YouTubers come to you saving you a ton of time and unanswered emails.&nbsp;","tab":"","version":"","nbRates":"0","product_type":"service","avgRate":"0.0","price":{"EUR":0,"USD":0,"GBP":0},"badges":[{"label":"Best Module Innovation","img":"http:\/\/addons-media.prestashop.com\/themes\/prestastore\/img\/front\/sprites\/badges\/awards-innovation.png"},{"label":"Official Partner","img":"http:\/\/addons-media.prestashop.com\/themes\/prestastore\/img\/front\/sprites\/badges\/ps-official-partner.png"}],"cover":{"small":"https:\/\/medias1.prestastore.com\/683479-pprod\/famebit.jpg","big":"https:\/\/medias1.prestastore.com\/683479-pbig\/famebit.jpg"},"origin":"native_all","origin_filter_value":16,"categoryParent":null},"prestashopovhhosting":{"id":"19202","name":"prestashopovhhosting","displayName":"PrestaShop\/ OVH hosting","categoryName":"Website Performance","categoryId":"432","categoryParentId":"440","description":"Your online store is too slow? OVH offers hosting solutions optimized for the needs of a prestashop store with free installation and support 24\/7","author":"PrestaShop Partners","url":"http:\/\/addons.prestashop.com\/en\/website-performance\/19202-ovhhosting.html?utm_source=back-office&utm_medium=push-addons&utm_campaign=back-office-EN&utm_content=download","img":"http:\/\/addons-media.prestashop.com\/img\/pico\/19202.jpg","fullDescription":"Your online store is too slow? OVH offers hosting solutions optimized for the needs of a prestashop store with free installation and support 24\/7.","additionalDescription":"","tab":"administration","version":"","nbRates":"8","product_type":"service","avgRate":"4.4","price":{"EUR":0,"USD":0,"GBP":0},"badges":[{"label":"Official Partner","img":"http:\/\/addons-media.prestashop.com\/themes\/prestastore\/img\/front\/sprites\/badges\/ps-official-partner.png"}],"cover":{"small":"https:\/\/medias1.prestastore.com\/689812-pprod\/ovhhosting.jpg","big":"https:\/\/medias3.prestastore.com\/689812-pbig\/ovhhosting.jpg"},"origin":"native_all","origin_filter_value":16,"categoryParent":"Administration"},"financementparticipatifcreditfr":{"id":"20549","name":"financementparticipatifcreditfr","displayName":"Financement participatif - Credit.fr","categoryName":"Other Payment Methods","categoryId":"530","categoryParentId":"481","description":"You are entrepreneur, craftsman or merchant and you have development projects for your organization ? Looking for alternatives and affordable financing?","author":"PrestaShop Partners","url":"http:\/\/addons.prestashop.com\/en\/other-payment-methods\/20549-creditfr.html?utm_source=back-office&utm_medium=push-addons&utm_campaign=back-office-EN&utm_content=download","img":"http:\/\/addons-media.prestashop.com\/img\/pico\/20549.jpg","fullDescription":"You are entrepreneur, craftsman or merchant and you have development projects for your organization ? Looking for alternatives and affordable financing?","additionalDescription":"<strong>Borrow directly from individuals at competitive rates <\/strong><br \/>\r\nThanks to a new type of financing without any bank !<br \/>\r\n<br \/>\r\n<strong>Enjoy a quick and easy credit, seamlessly <\/strong><br \/>\r\nYou make an online request to immediately know your eligibility to our financing offer. You get a response within 48 hours.<br \/>\r\nYou know exactly how many fees you will pay and you can follow your transaction 100% online via your customer space on Credit.fr<br \/>\r\n<br \/>\r\n<strong>Finance all your development projects <\/strong><br \/>\r\nWith Credit.fr, you can finance different kind of projects:\r\n<ul>\r\n\t<li>Any type of material (Computer Telephony, Medical Office, Medical,)<\/li>\r\n\t<li>Machine &amp; Tool<\/li>\r\n\t<li>Intangible \/ Website<\/li>\r\n\t<li>Tourism \/ Utility \/ Industrial Vehicle<\/li>\r\n\t<li>Works \/ Facilities \/ Real Estate<\/li>\r\n\t<li>Business Takeover (the target must be over 4 years)<\/li>\r\n\t<li>Franchise \/ Admission Feed (franchisor of over 4 years)<\/li>\r\n\t<li>Research &amp; Development<\/li>\r\n\t<li>Buyout of Partners Current Accounts<\/li>\r\n<\/ul>\r\n","tab":"payments_gateways","version":"","nbRates":"10","product_type":"service","avgRate":"4.3","price":{"EUR":0,"USD":0,"GBP":0},"badges":[{"label":"Official Partner","img":"http:\/\/addons-media.prestashop.com\/themes\/prestastore\/img\/front\/sprites\/badges\/ps-official-partner.png"}],"cover":{"small":"https:\/\/medias2.prestastore.com\/705153-pprod\/creditfr.jpg","big":"https:\/\/medias2.prestastore.com\/705153-pbig\/creditfr.jpg"},"origin":"native_all","origin_filter_value":16,"categoryParent":"Payment"},"safeshopslabel":{"id":"21360","name":"safeshopslabel","displayName":"SafeShops label ","categoryName":"Legal","categoryId":"435","categoryParentId":"440","description":"With a SafeShops Label you will fully comply with Belgian and European law","author":"PrestaShop Partners","url":"http:\/\/addons.prestashop.com\/en\/legal\/21360-safeshops.html?utm_source=back-office&utm_medium=push-addons&utm_campaign=back-office-EN&utm_content=download","img":"http:\/\/addons-media.prestashop.com\/img\/pico\/21360.jpg","fullDescription":"With a SafeShops Label you will fully comply with Belgian and European law. After filling in a questionnaire with tips, an independent law firm will lead you through the legal jungle and provide you with the necessary documents like general conditions, privacy\/cookie policies.<br \/>\r\n<br \/>\r\nSo, join the fastest growing label community of Belgium and enhance trust in your online sales.","additionalDescription":"<strong>Why choose this service?<\/strong><br \/>\r\n&nbsp;<br \/>\r\n&deg;Boost your customer relations<br \/>\r\n&deg;Enhance trust<br \/>\r\n&deg;Alleviate customer disputes<br \/>\r\n&nbsp;<br \/>\r\n<strong>Choose the SafeShops Label and:<\/strong><br \/>\r\n&nbsp;<br \/>\r\n&deg; Promote confidence in your webshop<br \/>\r\n&deg; Take advantage of personal legal support<br \/>\r\n&deg; Receive e-commerce general conditions and standard documents in 4 languages.<br \/>\r\n&deg; Increase your cross-border sales with the Emota Label<br \/>\r\n&deg; Be part of a very dynamic e-community<br \/>\r\n&deg; Take part in the 7 Sleepless Shopping Nights (www.shoppingnights.be)<br \/>\r\n&deg; Avoid fines and complaints.<br \/>\r\n&nbsp;<br \/>\r\n<strong>Choose the SafeShops Label and avoid extra legal costs.<\/strong><br \/>\r\n&nbsp;<br \/>\r\nWebshops have to comply with manifold legislation.&nbsp; European, local and sector bound legislation will vary&hellip;<br \/>\r\n&nbsp;<br \/>\r\nThis is the reason why Prestashop collaborates with SafeShops.&nbsp; SafeShops&nbsp; will&nbsp; give you legal advise by setting-up your webshop.&nbsp; You will receive general conditions and a privacy policy (D\/Fr\/E\/G) that can be adapted to your specific case, in dialog with an independent lawyer.&nbsp; SafeShops keeps you informed about the ever changing legislation.&nbsp; SafeShops Label enhances your consumer confidence.&nbsp; All this for &euro; 295\/year.<br \/>\r\n&nbsp;<br \/>\r\n<em>European Label as a bonus<\/em><br \/>\r\nSafeShops is accredited in Europe, you will also obtain the European Emota Label. This is a nice bonus for those eager to do business abroad.<br \/>\r\n&nbsp;<br \/>\r\n<em>Knowledge exchange in an accessible and open community<\/em><br \/>\r\nSafeShops represents more than a Label.&nbsp; Besides the open community with the label certification, our free SafeShops Caf&eacute; offers you interesting presentations from partners and other webshops.&nbsp; You will also enjoy discounts on trainings, seminars and conferences.&nbsp;<br \/>\r\n&nbsp;<br \/>\r\n&nbsp;<br \/>\r\n<strong>Inclusive our 7 Sleepless Shopping Nights<\/strong><br \/>\r\nSafeshops also organizes yearly the 7 Sleepless Shopping Nights.&nbsp; A campaign (radio and e-mail) where you can highlight your webshop during 7 nights and gather some extra attention.&nbsp; All included in the certification cost.<br \/>\r\nFor more information please visit&nbsp;<a href=\"http:\/\/www.shoppingnight.be\/\">www.shoppingnight.be<\/a>.","tab":"administration","version":"","nbRates":"6","product_type":"service","avgRate":"4.8","price":{"EUR":0,"USD":0,"GBP":0},"badges":[{"label":"Official Partner","img":"http:\/\/addons-media.prestashop.com\/themes\/prestastore\/img\/front\/sprites\/badges\/ps-official-partner.png"}],"cover":{"small":"https:\/\/medias2.prestastore.com\/725980-pprod\/safeshops.jpg","big":"https:\/\/medias3.prestastore.com\/725980-pbig\/safeshops.jpg"},"origin":"native_all","origin_filter_value":16,"categoryParent":"Administration"},"becommerce":{"id":"21371","name":"becommerce","displayName":"Becommerce","categoryName":"Badges & Logos","categoryId":"465","categoryParentId":"460","description":"The BeCommerce Label is a quality mark for online shopping of products and services in the BeLux","author":"PrestaShop Partners","url":"http:\/\/addons.prestashop.com\/en\/labels-logos\/21371-becommerce.html?utm_source=back-office&utm_medium=push-addons&utm_campaign=back-office-EN&utm_content=download","img":"http:\/\/addons-media.prestashop.com\/img\/pico\/21371.jpg","fullDescription":"The BeCommerce Label is a quality mark for online shopping of products and services in the BeLux. The BeCommerce Label demonstrates that your company complies with the BeCommerce Label Code and that your e-commerce site was certified by an independent organisation i.e. Bureau Veritas. With the BeCommerce Label members inform the consumer that they provide a reliable and secure way of online shopping.","additionalDescription":"\u200bAdvantages<br \/>\r\n&bull; &nbsp;&nbsp;&nbsp;&nbsp;&nbsp;&nbsp;&nbsp;As a member you are allowed to display the BeCommerce Quality label. Research has demonstrated that the BeCommerce Quality label stands for reliability and safety. 83% of the consumers know\/recognise the BeCommerce Quality label and 72% take the BeCommerce Quality label into account for online purchases. The BeCommerce Quality label provides consumers&rsquo; trust and contributes to higher conversion, therefore more turnover.<br \/>\r\n&bull; &nbsp;&nbsp;&nbsp;&nbsp;&nbsp;&nbsp;&nbsp;BeCommerce manages the interests of the members by &ndash; among others &ndash; influencing the (new) law and regulations. It also regularly takes part in conversations with the various parties around the e-commerce market.<br \/>\r\n&bull; &nbsp;&nbsp;&nbsp;&nbsp;&nbsp;&nbsp;&nbsp;With the membership and the BeCommerce Quality label, you show you comply with the law and regulations. You can apply the Terms &amp; Conditions of BeCommerce. BeCommerce has the compliance of laws and regulations as single quality mark independently checked through the certification carried out by Bureau Veritas. This too increases the consumers&rsquo; trust in your online shop.<br \/>\r\n&bull; &nbsp;&nbsp;&nbsp;&nbsp;&nbsp;&nbsp;&nbsp;You entitle the consumer to independent mediation, if you and the consumer have a dispute about the purchase. BeCommerce mediates with experienced solicitors and employees. This ensures very few complaints end up in a legal dispute. Should it go that far, BeCommerce is the only quality mark to provide independent dispute settlement.\u2028\u2028<br \/>\r\n&bull; &nbsp;&nbsp;&nbsp;&nbsp;&nbsp;&nbsp;&nbsp;As a BeCommerce member you will enjoy knowledge and information share with other members. You receive free tests, white papers and publications, have access to the exclusive members network and you can participate in work groups (interest management). BeCommerce organises workshops and conventions in which you can participate and network free of charge or on a discount.","tab":"front_office_features","version":"","nbRates":"0","product_type":"service","avgRate":"0.0","price":{"EUR":0,"USD":0,"GBP":0},"badges":[{"label":"Official Partner","img":"http:\/\/addons-media.prestashop.com\/themes\/prestastore\/img\/front\/sprites\/badges\/ps-official-partner.png"}],"cover":{"small":"https:\/\/medias1.prestastore.com\/744768-pprod\/becommerce.jpg","big":"https:\/\/medias3.prestastore.com\/744768-pbig\/becommerce.jpg"},"origin":"native_all","origin_filter_value":16,"categoryParent":"Product Page"},"automatedhotlinehipaymobile":{"id":"21617","name":"automatedhotlinehipaymobile","displayName":"Automated Hotline HiPay Mobile","categoryName":"Support & Online Chat","categoryId":"477","categoryParentId":"475","description":"Automated hotline service to simplify call management on your shop. Quickly&nbsp;integrate your free your hotline. Offer a dedicated phone number and get the best market conditions","author":"PrestaShop Partners","url":"http:\/\/addons.prestashop.com\/en\/support-online-chat\/21617-hipaymobileivr.html?utm_source=back-office&utm_medium=push-addons&utm_campaign=back-office-EN&utm_content=download","img":"http:\/\/addons-media.prestashop.com\/img\/pico\/21617.jpg","fullDescription":"<strong>Automated hotline service<\/strong> to simplify call management on your shop. Quickly&nbsp;integrate your free your hotline. Offer a dedicated phone number and get the best market conditions.<br \/>\r\n<br \/>\r\n************ This service is available for Fance only ***********","additionalDescription":"<ul>\r\n\t<li>Simplify communication with your customers by providing a single contact number<\/li>\r\n\t<li>Inform or assist&nbsp;your clients<\/li>\r\n\t<li>Generate additional revenue with premium number option<\/li>\r\n\t<li>Analyze the behavior of callers and optimize your marketing campaigns<\/li>\r\n<\/ul>\r\n","tab":"front_office_features","version":"","nbRates":"0","product_type":"service","avgRate":"0.0","price":{"EUR":0,"USD":0,"GBP":0},"badges":[{"label":"Official Partner","img":"http:\/\/addons-media.prestashop.com\/themes\/prestastore\/img\/front\/sprites\/badges\/ps-official-partner.png"}],"cover":{"small":"https:\/\/medias3.prestastore.com\/731260-pprod\/hipaymobileivr.jpg","big":"https:\/\/medias3.prestastore.com\/731260-pbig\/hipaymobileivr.jpg"},"origin":"native_all","origin_filter_value":16,"categoryParent":"Customers"}}