{"dashactivity":{"attributes":{"name":"dashactivity","tab":"dashboard","displayName":"Dashboard Activity","author":"PrestaShop","author_uri":"","limited_countries":[],"need_instance":1,"parent_class":"Module","is_configurable":0},"disk":{"filemtime":1471404022,"is_present":1,"is_valid":1,"version":"0.5.0"}},"dashtrends":{"attributes":{"name":"dashtrends","tab":"dashboard","displayName":"Dashboard Trends","description":"Adds a block with a graphical representation of the development of your store(s) based on selected key data.","author":"PrestaShop","author_uri":"","limited_countries":[],"need_instance":1,"parent_class":"Module","is_configurable":0},"disk":{"filemtime":1471404138,"is_present":1,"is_valid":1,"version":"0.8.1"}},"dashgoals":{"attributes":{"name":"dashgoals","tab":"dashboard","displayName":"Dashboard Goals","description":"Adds a block with your store's forecast.","author":"PrestaShop","author_uri":"","limited_countries":[],"need_instance":1,"parent_class":"Module","is_configurable":0},"disk":{"filemtime":1471404024,"is_present":1,"is_valid":1,"version":"0.7.0"}},"dashproducts":{"attributes":{"name":"dashproducts","tab":"dashboard","displayName":"Dashboard Products","description":"Adds a block with a table of your latest orders and a ranking of your products","author":"PrestaShop","author_uri":"","limited_countries":[],"need_instance":1,"parent_class":"Module","is_configurable":0},"disk":{"filemtime":1471404026,"is_present":1,"is_valid":1,"version":"0.3.5"}},"graphnvd3":{"attributes":{"name":"graphnvd3","tab":"administration","displayName":"NVD3 Charts","description":"","author":"PrestaShop","author_uri":"","limited_countries":[],"need_instance":0,"parent_class":"ModuleGraphEngine","is_configurable":0},"disk":{"filemtime":1471404028,"is_present":1,"is_valid":1,"version":"1.5.0"}},"gridhtml":{"attributes":{"name":"gridhtml","tab":"administration","displayName":"Simple HTML table display","description":"Allows the statistics system to display data in a grid.","author":"PrestaShop","author_uri":"","limited_countries":[],"need_instance":0,"parent_class":"ModuleGridEngine","is_configurable":0},"disk":{"filemtime":1471404030,"is_present":1,"is_valid":1,"version":"1.3.0"}},"ps_banner":{"attributes":{"name":"ps_banner","displayName":"Banner","description":"Displays a banner on your shop.","author":"PrestaShop","author_uri":"","limited_countries":[],"need_instance":0,"parent_class":"Module","is_configurable":1},"disk":{"filemtime":1471404034,"is_present":1,"is_valid":1,"version":"1.0.0"}},"ps_categorytree":{"attributes":{"name":"ps_categorytree","tab":"front_office_features","displayName":"Category tree links","description":"Adds a block featuring product categories.","author":"PrestaShop","author_uri":"","limited_countries":[],"need_instance":1,"parent_class":"Module","is_configurable":1},"disk":{"filemtime":1471404036,"is_present":1,"is_valid":1,"version":"1.0.1"}},"ps_checkpayment":{"attributes":{"warning":"The &quot;Pay to the order of&quot; and &quot;Address&quot; fields must be configured before using this module.","name":"ps_checkpayment","tab":"payments_gateways","displayName":"Payments by check","description":"This module allows you to accept payments by check.","author":"PrestaShop","author_uri":"","limited_countries":[],"need_instance":1,"parent_class":"PaymentModule","is_configurable":1},"disk":{"filemtime":1471404038,"is_present":1,"is_valid":1,"version":"1.0.0"}},"ps_contactinfo":{"attributes":{"name":"ps_contactinfo","displayName":"Contact information","description":"Allows you to display additional information about your store's customer service.","author":"PrestaShop","author_uri":"","limited_countries":[],"need_instance":1,"parent_class":"Module","is_configurable":0},"disk":{"filemtime":1471404040,"is_present":1,"is_valid":1,"version":"1.0.0"}},"ps_currencyselector":{"attributes":{"name":"ps_currencyselector","tab":"front_office_features","displayName":"Currency block","description":"Adds a block allowing customers to choose their preferred shopping currency.","author":"PrestaShop","author_uri":"","limited_countries":[],"need_instance":0,"parent_class":"Module","is_configurable":0},"disk":{"filemtime":1471404042,"is_present":1,"is_valid":1,"version":"1.0.0"}},"ps_customeraccountlinks":{"attributes":{"name":"ps_customeraccountlinks","tab":"front_office_features","displayName":"My Account block","description":"Displays a block with links relative to a user's account.","author":"PrestaShop","author_uri":"","limited_countries":[],"need_instance":0,"parent_class":"Module","is_configurable":0},"disk":{"filemtime":1471404044,"is_present":1,"is_valid":1,"version":"1.0.0"}},"ps_customersignin":{"attributes":{"name":"ps_customersignin","tab":"front_office_features","displayName":"Customer \"Sign in\" link","description":"Adds a block that displays information about the customer.","author":"PrestaShop","author_uri":"","limited_countries":[],"need_instance":0,"parent_class":"Module","is_configurable":0},"disk":{"filemtime":1471404046,"is_present":1,"is_valid":1,"version":"1.0.0"}},"ps_customtext":{"attributes":{"name":"ps_customtext","tab":"front_office_features","displayName":"Custom text blocks","description":"Integrates custom text blocks anywhere in your store front","author":"PrestaShop","author_uri":"","limited_countries":[],"need_instance":0,"parent_class":"Module","is_configurable":1},"disk":{"filemtime":1471404048,"is_present":1,"is_valid":1,"version":"1.0.1"}},"ps_emailsubscription":{"attributes":{"name":"ps_emailsubscription","displayName":"E-mail subscription form","description":"Adds a form for newsletter subscription.","author":"PrestaShop","author_uri":"","limited_countries":[],"need_instance":0,"parent_class":"Module","is_configurable":1},"disk":{"filemtime":1471404050,"is_present":1,"is_valid":1,"version":"1.0.0"}},"ps_facetedsearch":{"attributes":{"name":"ps_facetedsearch","tab":"front_office_features","displayName":"Faceted navigation","description":"Displays a block with layered navigation filters.","author":"PrestaShop","author_uri":"","limited_countries":[],"need_instance":0,"parent_class":"Module","is_configurable":1},"disk":{"filemtime":1471404052,"is_present":1,"is_valid":1,"version":"1.0.0"}},"ps_featuredproducts":{"attributes":{"name":"ps_featuredproducts","tab":"front_office_features","displayName":"Featured products","description":"Displays featured products in the central column of your homepage.","author":"PrestaShop","author_uri":"","limited_countries":[],"need_instance":0,"parent_class":"Module","is_configurable":1},"disk":{"filemtime":1471404054,"is_present":1,"is_valid":1,"version":"1.0.0"}},"ps_imageslider":{"attributes":{"name":"ps_imageslider","tab":"front_office_features","displayName":"Image slider","description":"Adds an image slider to your site.","author":"PrestaShop","author_uri":"","limited_countries":[],"need_instance":0,"parent_class":"Module","is_configurable":1},"disk":{"filemtime":1471404056,"is_present":1,"is_valid":1,"version":"1.0.0"}},"ps_languageselector":{"attributes":{"name":"ps_languageselector","tab":"front_office_features","displayName":"Language selector block","description":"Adds a block allowing customers to select a language for your store's content.","author":"PrestaShop","author_uri":"","limited_countries":[],"need_instance":0,"parent_class":"Module","is_configurable":0},"disk":{"filemtime":1471404058,"is_present":1,"is_valid":1,"version":"1.0.0"}},"ps_linklist":{"attributes":{"name":"ps_linklist","tab":"front_office_features","displayName":"Link List","description":"Adds a block with several links.","author":"PrestaShop","author_uri":"","limited_countries":[],"need_instance":0,"parent_class":"Module","is_configurable":1},"disk":{"filemtime":1471404068,"is_present":1,"is_valid":1,"version":"1.0.0"}},"ps_mainmenu":{"attributes":{"name":"ps_mainmenu","tab":"front_office_features","displayName":"Main menu","description":"Adds a new menu to the top of your e-commerce website.","author":"PrestaShop","author_uri":"","limited_countries":[],"need_instance":1,"parent_class":"Module","is_configurable":1},"disk":{"filemtime":1471404070,"is_present":1,"is_valid":1,"version":"1.0.0"}},"ps_searchbar":{"attributes":{"name":"ps_searchbar","tab":"search_filter","displayName":"Search bar","description":"Adds a quick search field to your website.","author":"PrestaShop","author_uri":"","limited_countries":[],"need_instance":0,"parent_class":"Module","is_configurable":0},"disk":{"filemtime":1471404072,"is_present":1,"is_valid":1,"version":"1.0.0"}},"ps_sharebuttons":{"attributes":{"name":"ps_sharebuttons","displayName":"Social media share buttons","description":"Displays social media sharing buttons (Twitter, Facebook, Google+ and Pinterest) on every product page.","author":"PrestaShop","author_uri":"","limited_countries":[],"need_instance":0,"parent_class":"Module","is_configurable":1},"disk":{"filemtime":1471404074,"is_present":1,"is_valid":1,"version":"1.0.0"}},"ps_shoppingcart":{"attributes":{"name":"ps_shoppingcart","tab":"front_office_features","displayName":"Shopping cart","description":"Adds a block containing the customer's shopping cart.","author":"PrestaShop","author_uri":"","limited_countries":[],"need_instance":0,"parent_class":"Module","is_configurable":1},"disk":{"filemtime":1471404076,"is_present":1,"is_valid":1,"version":"1.0.0"}},"ps_socialfollow":{"attributes":{"name":"ps_socialfollow","displayName":"Social media follow links","description":"Allows you to add information about your brand's social networking accounts.","author":"PrestaShop","author_uri":"","limited_countries":[],"need_instance":1,"parent_class":"Module","is_configurable":1},"disk":{"filemtime":1471404078,"is_present":1,"is_valid":1,"version":"1.0.0"}},"ps_wirepayment":{"attributes":{"warning":"Account owner and account details must be configured before using this module.","name":"ps_wirepayment","tab":"payments_gateways","displayName":"Wire payment","description":"Accept payments for your products via bank wire transfer.","author":"PrestaShop","author_uri":"","limited_countries":[],"need_instance":1,"parent_class":"PaymentModule","is_configurable":1},"disk":{"filemtime":1471404080,"is_present":1,"is_valid":1,"version":"1.0.0"}},"pagesnotfound":{"attributes":{"name":"pagesnotfound","tab":"analytics_stats","displayName":"Pages not found","description":"Adds a tab to the Stats dashboard, showing the pages requested by your visitors that have not been found.","author":"PrestaShop","author_uri":"","limited_countries":[],"need_instance":0,"parent_class":"Module","is_configurable":0},"disk":{"filemtime":1471404032,"is_present":1,"is_valid":1,"version":"1.5.0"}},"sekeywords":{"attributes":{"name":"sekeywords","tab":"analytics_stats","displayName":"Search engine keywords","description":"Displays which keywords have led visitors to your website.","author":"PrestaShop","author_uri":"","limited_countries":[],"need_instance":0,"parent_class":"ModuleGraph","is_configurable":0},"disk":{"filemtime":1471404082,"is_present":1,"is_valid":1,"version":"1.4.0"}},"statsbestcategories":{"attributes":{"name":"statsbestcategories","tab":"analytics_stats","displayName":"Best categories","description":"Adds a list of the best categories to the Stats dashboard.","author":"PrestaShop","author_uri":"","limited_countries":[],"need_instance":0,"parent_class":"ModuleGrid","is_configurable":0},"disk":{"filemtime":1471404084,"is_present":1,"is_valid":1,"version":"1.5.0"}},"statsbestcustomers":{"attributes":{"name":"statsbestcustomers","tab":"analytics_stats","displayName":"Best customers","description":"Adds a list of the best customers to the Stats dashboard.","author":"PrestaShop","author_uri":"","limited_countries":[],"need_instance":0,"parent_class":"ModuleGrid","is_configurable":0},"disk":{"filemtime":1471404086,"is_present":1,"is_valid":1,"version":"1.5.0"}},"statsbestproducts":{"attributes":{"name":"statsbestproducts","tab":"analytics_stats","displayName":"Best-selling products","description":"Adds a list of the best-selling products to the Stats dashboard.","author":"PrestaShop","author_uri":"","limited_countries":[],"need_instance":0,"parent_class":"ModuleGrid","is_configurable":0},"disk":{"filemtime":1471404090,"is_present":1,"is_valid":1,"version":"1.5.0"}},"statsbestsuppliers":{"attributes":{"name":"statsbestsuppliers","tab":"analytics_stats","displayName":"Best suppliers","description":"Adds a list of the best suppliers to the Stats dashboard.","author":"PrestaShop","author_uri":"","limited_countries":[],"need_instance":0,"parent_class":"ModuleGrid","is_configurable":0},"disk":{"filemtime":1471404092,"is_present":1,"is_valid":1,"version":"1.4.0"}},"statsbestvouchers":{"attributes":{"name":"statsbestvouchers","tab":"analytics_stats","displayName":"Best vouchers","description":"Adds a list of the best vouchers to the Stats dashboard.","author":"PrestaShop","author_uri":"","limited_countries":[],"need_instance":0,"parent_class":"ModuleGrid","is_configurable":0},"disk":{"filemtime":1471404094,"is_present":1,"is_valid":1,"version":"1.5.0"}},"statscarrier":{"attributes":{"name":"statscarrier","tab":"analytics_stats","displayName":"Carrier distribution","description":"Adds a graph displaying each carriers' distribution to the Stats dashboard.","author":"PrestaShop","author_uri":"","limited_countries":[],"need_instance":0,"parent_class":"ModuleGraph","is_configurable":0},"disk":{"filemtime":1471404096,"is_present":1,"is_valid":1,"version":"1.4.0"}},"statscatalog":{"attributes":{"name":"statscatalog","tab":"analytics_stats","displayName":"Catalog statistics","description":"Adds a tab containing general statistics about your catalog to the Stats dashboard.","author":"PrestaShop","author_uri":"","limited_countries":[],"need_instance":0,"parent_class":"Module","is_configurable":0},"disk":{"filemtime":1471404098,"is_present":1,"is_valid":1,"version":"1.3.0"}},"statscheckup":{"attributes":{"name":"statscheckup","tab":"analytics_stats","displayName":"Catalog evaluation","description":"Adds a quick evaluation of your catalog quality to the Stats dashboard.","author":"PrestaShop","author_uri":"","limited_countries":[],"need_instance":0,"parent_class":"Module","is_configurable":0},"disk":{"filemtime":1471404100,"is_present":1,"is_valid":1,"version":"1.4.0"}},"statsdata":{"attributes":{"name":"statsdata","tab":"analytics_stats","displayName":"Data mining for statistics","description":"This module must be enabled if you want to use statistics.","author":"PrestaShop","author_uri":"","limited_countries":[],"need_instance":0,"parent_class":"Module","is_configurable":1},"disk":{"filemtime":1471404102,"is_present":1,"is_valid":1,"version":"1.5.0"}},"statsequipment":{"attributes":{"name":"statsequipment","tab":"analytics_stats","displayName":"Browsers and operating systems","description":"Adds a tab containing graphs about web browser and operating system usage to the Stats dashboard.","author":"PrestaShop","author_uri":"","limited_countries":[],"need_instance":0,"parent_class":"ModuleGraph","is_configurable":0},"disk":{"filemtime":1471404104,"is_present":1,"is_valid":1,"version":"1.3.0"}},"statsforecast":{"attributes":{"name":"statsforecast","tab":"analytics_stats","displayName":"Stats Dashboard","description":"This is the main module for the Stats dashboard. It displays a summary of all your current statistics.","author":"PrestaShop","author_uri":"","limited_countries":[],"need_instance":0,"parent_class":"Module","is_configurable":1},"disk":{"filemtime":1471404106,"is_present":1,"is_valid":1,"version":"1.4.0"}},"statslive":{"attributes":{"name":"statslive","tab":"analytics_stats","displayName":"Visitors online","description":"Adds a list of customers and visitors who are currently online to the Stats dashboard.","author":"PrestaShop","author_uri":"","limited_countries":[],"need_instance":0,"parent_class":"Module","is_configurable":0},"disk":{"filemtime":1471404108,"is_present":1,"is_valid":1,"version":"1.3.0"}},"statsnewsletter":{"attributes":{"name":"statsnewsletter","tab":"analytics_stats","displayName":"Newsletter","description":"Adds a tab with a graph showing newsletter registrations to the Stats dashboard.","author":"PrestaShop","author_uri":"","limited_countries":[],"need_instance":0,"parent_class":"ModuleGraph","is_configurable":0},"disk":{"filemtime":1471404110,"is_present":1,"is_valid":1,"version":"1.4.0"}},"statsorigin":{"attributes":{"name":"statsorigin","tab":"analytics_stats","displayName":"Visitors origin","description":"Adds a graph displaying the websites your visitors came from to the Stats dashboard.","author":"PrestaShop","author_uri":"","limited_countries":[],"need_instance":0,"parent_class":"ModuleGraph","is_configurable":0},"disk":{"filemtime":1471404112,"is_present":1,"is_valid":1,"version":"1.4.0"}},"statspersonalinfos":{"attributes":{"name":"statspersonalinfos","tab":"analytics_stats","displayName":"Registered customer information","description":"Adds information about your registered customers (such as gender and age) to the Stats dashboard.","author":"PrestaShop","author_uri":"","limited_countries":[],"need_instance":0,"parent_class":"ModuleGraph","is_configurable":0},"disk":{"filemtime":1471404112,"is_present":1,"is_valid":1,"version":"1.4.0"}},"statsproduct":{"attributes":{"name":"statsproduct","tab":"analytics_stats","displayName":"Product details","description":"Adds detailed statistics for each product to the Stats dashboard.","author":"PrestaShop","author_uri":"","limited_countries":[],"need_instance":0,"parent_class":"ModuleGraph","is_configurable":0},"disk":{"filemtime":1471404114,"is_present":1,"is_valid":1,"version":"1.4.0"}},"statsregistrations":{"attributes":{"name":"statsregistrations","tab":"analytics_stats","displayName":"Customer accounts","description":"Adds a registration progress tab to the Stats dashboard.","author":"PrestaShop","author_uri":"","limited_countries":[],"need_instance":0,"parent_class":"ModuleGraph","is_configurable":0},"disk":{"filemtime":1471404116,"is_present":1,"is_valid":1,"version":"1.4.0"}},"statssales":{"attributes":{"name":"statssales","tab":"analytics_stats","displayName":"Sales and orders","description":"Adds graphics presenting the evolution of sales and orders to the Stats dashboard.","author":"PrestaShop","author_uri":"","limited_countries":[],"need_instance":0,"parent_class":"ModuleGraph","is_configurable":0},"disk":{"filemtime":1471404118,"is_present":1,"is_valid":1,"version":"1.3.0"}},"statssearch":{"attributes":{"name":"statssearch","tab":"analytics_stats","displayName":"Shop search","description":"Adds a tab to the Stats dashboard, showing which keywords have been searched by your store's visitors.","author":"PrestaShop","author_uri":"","limited_countries":[],"need_instance":0,"parent_class":"ModuleGraph","is_configurable":0},"disk":{"filemtime":1471404122,"is_present":1,"is_valid":1,"version":"1.4.0"}},"statsstock":{"attributes":{"name":"statsstock","tab":"analytics_stats","displayName":"Available quantities","description":"Adds a tab showing the quantity of available products for sale to the Stats dashboard.","author":"PrestaShop","author_uri":"","limited_countries":[],"need_instance":0,"parent_class":"Module","is_configurable":0},"disk":{"filemtime":1471404128,"is_present":1,"is_valid":1,"version":"1.5.0"}},"statsvisits":{"attributes":{"name":"statsvisits","tab":"analytics_stats","displayName":"Visits and Visitors","description":"Adds statistics about your visits and visitors to the Stats dashboard.","author":"PrestaShop","author_uri":"","limited_countries":[],"need_instance":0,"parent_class":"ModuleGraph","is_configurable":0},"disk":{"filemtime":1471404132,"is_present":1,"is_valid":1,"version":"1.6.0"}},"welcome":{"attributes":{"name":"welcome","displayName":"Welcome","description":"Help the user to create his first product.","author":"PrestaShop","author_uri":"","limited_countries":[],"need_instance":1,"parent_class":"Module","is_configurable":0},"disk":{"filemtime":1471404136,"is_present":1,"is_valid":1,"version":"1.0.0"}},"blockreassurance":{"attributes":{"name":"blockreassurance","tab":"front_office_features","displayName":"Customer reassurance","description":"Adds an information block aimed at offering helpful information to reassure customers that your store is trustworthy.","author":"PrestaShop","author_uri":"","limited_countries":[],"need_instance":1,"parent_class":"Module","is_configurable":1},"disk":{"filemtime":1471404018,"is_present":1,"is_valid":1,"version":"1.0"}},"storemanagerforprestashop":{"attributes":{"warning":"Invalid module class"},"disk":{"filemtime":0,"is_present":0,"is_valid":0,"version":null}},"inmotion":{"attributes":{"warning":"Invalid module class"},"disk":{"filemtime":0,"is_present":0,"is_valid":0,"version":null}},"webhostinghub":{"attributes":{"warning":"Invalid module class"},"disk":{"filemtime":0,"is_present":0,"is_valid":0,"version":null}},"contactform":{"attributes":{"name":"contactform","tab":"front_office_features","displayName":"Contact form","description":"Description for contact form module","author":"PrestaShop","author_uri":"","limited_countries":[],"need_instance":1,"parent_class":"Module","is_configurable":0},"disk":{"filemtime":1471404020,"is_present":1,"is_valid":1,"version":"1.0.1"}},"ps_legalcompliance":{"attributes":{"name":"ps_legalcompliance","tab":"administration","displayName":"Legal Compliance","description":"This module helps merchants comply with applicable e-commerce laws.","author":"PrestaShop","author_uri":"","limited_countries":[],"need_instance":0,"parent_class":"Module","is_configurable":1},"disk":{"filemtime":1471404062,"is_present":1,"is_valid":1,"version":"1.0.1"}},"statsbestmanufacturers":{"attributes":{"name":"statsbestmanufacturers","tab":"analytics_stats","displayName":"Best manufacturers","description":"Adds a list of the best manufacturers to the Stats dashboard.","author":"PrestaShop","author_uri":"","limited_countries":[],"need_instance":0,"parent_class":"ModuleGrid","is_configurable":0},"disk":{"filemtime":1471404088,"is_present":1,"is_valid":1,"version":"1.5.0"}},"trackingfront":{"attributes":{"name":"trackingfront","tab":"shipping_logistics","displayName":"Tracking - Front office","description":"Enables your affiliates to access their own statistics. See Stats\/Referrers.","author":"PrestaShop","author_uri":"","limited_countries":[],"need_instance":0,"parent_class":"Module","is_configurable":0},"disk":{"filemtime":1471404134,"is_present":1,"is_valid":1,"version":"1.8.3"}},"11hosting":{"attributes":{"warning":"Invalid module class"},"disk":{"filemtime":0,"is_present":0,"is_valid":0,"version":null}},"arvixe":{"attributes":{"warning":"Invalid module class"},"disk":{"filemtime":0,"is_present":0,"is_valid":0,"version":null}},"easymarketing":{"attributes":{"warning":"Invalid module class"},"disk":{"filemtime":0,"is_present":0,"is_valid":0,"version":null}},"famebitconnectingbrandstoyoutubeinfluencers":{"attributes":{"warning":"Invalid module class"},"disk":{"filemtime":0,"is_present":0,"is_valid":0,"version":null}},"prestashopovhhosting":{"attributes":{"warning":"Invalid module class"},"disk":{"filemtime":0,"is_present":0,"is_valid":0,"version":null}},"financementparticipatifcreditfr":{"attributes":{"warning":"Invalid module class"},"disk":{"filemtime":0,"is_present":0,"is_valid":0,"version":null}},"safeshopslabel":{"attributes":{"warning":"Invalid module class"},"disk":{"filemtime":0,"is_present":0,"is_valid":0,"version":null}},"becommerce":{"attributes":{"warning":"Invalid module class"},"disk":{"filemtime":0,"is_present":0,"is_valid":0,"version":null}},"automatedhotlinehipaymobile":{"attributes":{"warning":"Invalid module class"},"disk":{"filemtime":0,"is_present":0,"is_valid":0,"version":null}}}